id,first_name,last_name,email,country,ip_address
1,Paul,Matthews,pmatthews0@friendfeed.com,Indonesia,235.160.46.28
2,Tammy,Lane,tlane1@typepad.com,Russia,91.226.216.220
3,Barbara,Webb,bwebb2@jiathis.com,France,204.48.177.97
4,Adam,Miller,amiller3@163.com,Reunion,158.15.38.141
5,Doris,Bryant,dbryant4@opensource.org,China,54.135.79.228
6,William,Hicks,whicks5@freewebs.com,Greece,66.25.79.211
7,Helen,Martin,hmartin6@google.es,China,249.59.72.199
8,Paula,Marshall,pmarshall7@phoca.cz,Russia,233.87.59.224
9,Eugene,,efowler8@so-net.ne.jp,Sweden,63.244.35.33
10,Patricia,Duncan,pduncan9@hatena.ne.jp,Cuba,91.121.225.53
11,Theresa,Scott,tscotta@github.com,Latvia,140.24.195.192
12,Ralph,Bishop,rbishopb@storify.com,France,82.140.243.97
13,Walter,Berry,wberryc@typepad.com,El Salvador,43.193.145.104
14,Steven,Burke,sburked@chicagotribune.com,Sweden,66.133.105.22
15,Walter,Murphy,wmurphye@va.gov,Canada,39.115.159.156
16,Ronald,Vasquez,rvasquezf@icio.us,Thailand,46.54.232.28
17,Alice,Moore,amooreg@salon.com,Philippines,244.16.9.193
18,Albert,Fowler,afowlerh@ovh.net,Finland,244.112.167.158
19,Eric,Ruiz,eruizi@wunderground.com,China,129.117.175.43
20,Debra,Ferguson,dfergusonj@biglobe.ne.jp,Ethiopia,80.227.130.152
21,Lori,Mills,lmillsk@skyrock.com,Philippines,242.230.104.24
22,Deborah,Cooper,dcooperl@ocn.ne.jp,China,105.159.135.106
23,Anthony,Dean,adeanm@weebly.com,Indonesia,57.164.234.193
24,Jeremy,Hill,jhilln@statcounter.com,Japan,190.120.128.102
25,Walter,Perkins,wperkinso@blogtalkradio.com,China,108.172.91.224
26,Stephanie,Armstrong,sarmstrongp@cbsnews.com,China,131.91.54.76
27,Sharon,Gilbert,sgilbertq@pen.io,China,68.161.163.51
28,Bonnie,Barnes,bbarnesr@reddit.com,China,34.13.231.102
29,Peter,Gordon,pgordons@bloomberg.com,Philippines,243.156.161.232
30,Donald,Clark,dclarkt@123-reg.co.uk,Indonesia,91.112.184.183
31,Beverly,Fuller,bfulleru@php.net,China,24.52.203.244
32,Lawrence,Duncan,lduncanv@twitter.com,China,12.154.79.42
33,Mary,Harvey,mharveyw@nps.gov,Sweden,45.10.42.129
34,Jerry,Olson,jolsonx@vk.com,China,171.202.168.18
35,Aaron,Lynch,alynchy@apple.com,Russia,138.21.58.164
36,Roy,Jenkins,rjenkinsz@domainmarket.com,Guatemala,59.234.108.88
37,Jeffrey,Barnes,jbarnes10@hubpages.com,China,238.226.211.177
38,Tammy,Lane,tlane11@nih.gov,Poland,23.227.56.247
39,Joshua,Vasquez,jvasquez12@blog.com,China,11.58.215.80
40,Aaron,Bowman,abowman13@weather.com,Indonesia,30.89.185.188
41,Bobby,Jenkins,bjenkins14@irs.gov,Morocco,228.1.125.165
42,Rose,Elliott,relliott15@businesswire.com,Ukraine,56.45.29.13
43,Katherine,Freeman,kfreeman16@java.com,Uzbekistan,224.166.202.81
44,Heather,Simpson,hsimpson17@shutterfly.com,China,40.187.127.123
45,George,Welch,gwelch18@fema.gov,Greece,182.232.53.213
46,Mildred,Anderson,manderson19@about.me,Malaysia,34.4.16.153
47,Brandon,Patterson,bpatterson1a@intel.com,China,191.25.1.230
48,Kathleen,Murphy,kmurphy1b@cyberchimps.com,China,103.94.130.136
49,Theresa,Garrett,tgarrett1c@ifeng.com,Argentina,5.190.179.98
50,Robert,Jenkins,rjenkins1d@mozilla.com,Sweden,214.112.166.33
51,Walter,Woods,wwoods1e@blogspot.com,Indonesia,187.239.56.206
52,Angela,Knight,aknight1f@sakura.ne.jp,Brazil,174.115.47.135
53,Tina,Taylor,ttaylor1g@posterous.com,Indonesia,55.160.152.92
54,Todd,Lawrence,tlawrence1h@cafepress.com,Guatemala,22.34.172.210
55,Gregory,Romero,gromero1i@uol.com.br,United States,194.50.39.150
56,Carolyn,Duncan,cduncan1j@com.com,United States,30.172.46.105
57,Shirley,Henderson,shenderson1k@ca.gov,Mexico,52.93.77.30
58,Marie,Meyer,mmeyer1l@tiny.cc,China,239.37.126.88
59,Evelyn,Coleman,ecoleman1m@yandex.ru,Peru,237.126.227.107
60,Patricia,Chavez,pchavez1n@hexun.com,Indonesia,167.123.100.0
61,Philip,Burton,pburton1o@mayoclinic.com,Norway,201.133.189.179
62,Paula,Dean,pdean1p@ucla.edu,Argentina,75.165.248.60
63,Jose,Porter,jporter1q@cafepress.com,Egypt,218.227.72.255
64,Raymond,Williams,rwilliams1r@qq.com,Iran,208.127.164.198
65,Henry,Watkins,hwatkins1s@live.com,Iran,146.225.125.23
66,Gregory,Henry,ghenry1t@hp.com,Syria,223.56.95.247
67,William,Ross,wross1u@cdc.gov,Netherlands,115.56.182.51
68,Alice,Larson,alarson1v@usda.gov,Armenia,84.180.142.66
69,Margaret,Watkins,mwatkins1w@prlog.org,Paraguay,167.189.153.83
70,Mary,James,mjames1x@deliciousdays.com,China,130.220.133.100
71,Jesse,Welch,jwelch1y@hugedomains.com,Afghanistan,55.148.211.237
72,Laura,Murray,lmurray1z@simplemachines.org,Russia,185.195.91.26
73,Clarence,Little,clittle20@gmpg.org,China,205.217.188.57
74,Kenneth,Arnold,karnold21@dell.com,Indonesia,159.129.105.255
75,Adam,Morales,amorales22@phpbb.com,Armenia,176.129.177.136
76,Lillian,Simmons,lsimmons23@scribd.com,United States,38.106.122.129
77,Jane,Nguyen,jnguyen24@theglobeandmail.com,China,95.65.7.130
78,Doris,Thomas,dthomas25@free.fr,Indonesia,196.147.115.68
79,Lois,Chapman,lchapman26@noaa.gov,Argentina,8.79.161.129
80,Jack,Chavez,jchavez27@fastcompany.com,Indonesia,86.52.137.243
81,Roger,Garrett,rgarrett28@globo.com,Russia,153.150.105.127
82,Clarence,Jackson,cjackson29@auda.org.au,Malawi,7.167.249.12
83,Ronald,Pierce,rpierce2a@wordpress.org,Russia,60.125.148.117
84,Sara,Ward,sward2b@furl.net,Russia,14.35.167.21
85,Mark,Gordon,mgordon2c@stumbleupon.com,Argentina,133.211.45.61
86,Dennis,Thompson,dthompson2d@51.la,China,7.60.8.148
87,Martha,Ray,mray2e@unesco.org,Trinidad and Tobago,217.205.232.40
88,Charles,Lawrence,clawrence2f@booking.com,Russia,58.4.124.200
89,Jeremy,Gonzalez,jgonzalez2g@washington.edu,Brazil,26.47.220.199
90,Margaret,Richards,mrichards2h@skype.com,Mexico,225.148.73.86
91,Jennifer,Pierce,jpierce2i@yandex.ru,Pakistan,23.161.226.238
92,Teresa,Chavez,tchavez2j@youku.com,Indonesia,157.142.139.243
93,Alan,Phillips,aphillips2k@thetimes.co.uk,China,193.185.124.14
94,Heather,Cox,hcox2l@exblog.jp,Indonesia,58.153.148.241
95,Phyllis,Alvarez,palvarez2m@amazon.de,China,130.67.221.103
96,Judith,Matthews,jmatthews2n@dion.ne.jp,China,207.208.39.102
97,Teresa,Jones,tjones2o@theatlantic.com,Kazakhstan,67.130.18.69
98,Antonio,Johnson,ajohnson2p@mozilla.com,Azerbaijan,250.162.108.19
99,Randy,Castillo,rcastillo2q@bravesites.com,China,202.0.18.93
100,Donna,Hanson,dhanson2r@bandcamp.com,Slovenia,194.30.39.195
101,Brian,Sullivan,bsullivan2s@google.de,South Korea,18.156.20.133
102,Raymond,Hudson,rhudson2t@comcast.net,Brazil,57.191.86.213
103,Tina,Gibson,tgibson2u@cnbc.com,China,250.140.226.190
104,Keith,Romero,kromero2v@cocolog-nifty.com,China,150.51.168.60
105,Ronald,Gibson,rgibson2w@liveinternet.ru,Kenya,233.148.216.20
106,Gerald,Thomas,gthomas2x@google.de,Peru,246.199.111.62
107,Adam,Schmidt,aschmidt2y@acquirethisname.com,Russia,245.31.193.93
108,Phillip,Ortiz,portiz2z@imgur.com,Macedonia,197.196.3.81
109,Billy,Scott,bscott30@drupal.org,Indonesia,110.229.98.199
110,Amanda,Ward,award31@chronoengine.com,Ghana,241.187.186.77
111,Angela,Long,along32@nydailynews.com,Cape Verde,92.50.96.34
112,Andrea,Morgan,amorgan33@nps.gov,Sweden,199.132.202.207
113,Marilyn,Richards,mrichards34@alibaba.com,Turkmenistan,100.22.228.224
114,Ann,Stewart,astewart35@wsj.com,Russia,44.230.163.183
115,Ralph,Hunt,rhunt36@netvibes.com,Poland,5.84.205.15
116,Stephen,Harvey,sharvey37@illinois.edu,China,254.210.6.111
117,Theresa,Coleman,tcoleman38@goo.ne.jp,Brazil,90.226.174.205
118,Arthur,Parker,aparker39@geocities.com,United States,5.66.248.141
119,Albert,Burton,aburton3a@rakuten.co.jp,Palestinian Territory,178.182.20.184
120,Bonnie,Cook,bcook3b@soup.io,Sweden,133.30.103.154
121,Jeremy,Burke,jburke3c@boston.com,Uzbekistan,0.44.124.206
122,Billy,Powell,bpowell3d@sfgate.com,Poland,193.27.161.207
123,Chris,Ramirez,cramirez3e@technorati.com,China,94.254.138.215
124,Steve,Simmons,ssimmons3f@com.com,Croatia,134.82.160.96
125,Emily,Hicks,ehicks3g@vkontakte.ru,United States,226.71.39.136
126,Sandra,Flores,sflores3h@scientificamerican.com,Croatia,11.62.58.190
127,Cynthia,Ramirez,cramirez3i@spiegel.de,Malawi,180.230.172.252
128,Eric,Lewis,elewis3j@surveymonkey.com,Ukraine,199.48.4.9
129,Andrea,Owens,aowens3k@histats.com,China,106.191.18.175
130,Alan,Powell,apowell3l@msu.edu,Vietnam,150.226.169.220
131,Sharon,Wilson,swilson3m@tuttocitta.it,France,199.74.106.36
132,Melissa,Ray,mray3n@addthis.com,Brazil,121.222.112.81
133,Diana,Webb,dwebb3o@clickbank.net,France,240.139.165.235
134,Judith,Patterson,jpatterson3p@theguardian.com,Bolivia,18.170.76.126
135,Jimmy,Turner,jturner3q@washingtonpost.com,Portugal,9.62.120.112
136,Bonnie,Scott,bscott3r@state.tx.us,Indonesia,52.79.148.231
137,Gary,Henry,ghenry3s@tinypic.com,Papua New Guinea,44.113.127.43
138,Ashley,Gray,agray3t@alibaba.com,Russia,238.29.238.80
139,Kathy,Thomas,kthomas3u@accuweather.com,United States,163.224.41.2
140,Matthew,Garcia,mgarcia3v@jalbum.net,Indonesia,255.153.250.42
141,Diana,Hughes,dhughes3w@angelfire.com,Japan,191.80.235.101
142,Jane,Little,jlittle3x@dot.gov,Saudi Arabia,245.207.25.90
143,Gary,Fowler,gfowler3y@plala.or.jp,Philippines,29.80.26.86
144,Rachel,Johnston,rjohnston3z@jigsy.com,Portugal,169.93.59.223
145,George,Stanley,gstanley40@desdev.cn,China,125.107.187.74
146,Helen,Kelley,hkelley41@unblog.fr,China,245.136.0.117
147,Jonathan,Hernandez,jhernandez42@salon.com,Philippines,102.14.229.30
148,Melissa,Hawkins,mhawkins43@homestead.com,Indonesia,108.165.148.173
149,Charles,Collins,ccollins44@omniture.com,Sweden,145.233.40.104
150,Albert,Mason,amason45@cnn.com,Latvia,98.196.21.10
151,Rachel,Frazier,rfrazier46@jiathis.com,Syria,143.126.1.232
152,Todd,Young,tyoung47@latimes.com,Indonesia,120.59.206.193
153,Nicole,Mills,nmills48@purevolume.com,Argentina,241.165.93.60
154,Joe,Baker,jbaker49@mysql.com,Philippines,97.128.12.35
155,Ruth,Scott,rscott4a@abc.net.au,Central African Republic,121.222.35.254
156,Matthew,Ramos,mramos4b@apple.com,France,188.67.164.161
157,Henry,Sullivan,hsullivan4c@yahoo.co.jp,Russia,115.141.12.111
158,Keith,Hughes,khughes4d@mysql.com,Brazil,219.106.182.221
159,Howard,Gutierrez,hgutierrez4e@digg.com,China,188.73.136.157
160,Margaret,Mcdonald,mmcdonald4f@oaic.gov.au,Philippines,3.205.14.200
161,Debra,Cruz,dcruz4g@howstuffworks.com,Sweden,123.159.9.182
162,Joyce,Reid,jreid4h@google.nl,China,16.61.51.136
163,Helen,Knight,hknight4i@telegraph.co.uk,South Korea,191.245.89.26
164,Debra,Lane,dlane4j@about.me,Sri Lanka,253.98.147.192
165,Antonio,Murphy,amurphy4k@bravesites.com,United States,238.232.59.166
166,Helen,Meyer,hmeyer4l@webmd.com,China,47.216.166.12
167,Edward,Gutierrez,egutierrez4m@msn.com,Indonesia,206.128.128.127
168,Kelly,Wagner,kwagner4n@histats.com,Poland,109.246.178.67
169,Richard,Johnson,rjohnson4o@columbia.edu,Sweden,161.80.227.244
170,Ernest,Jenkins,ejenkins4p@exblog.jp,Argentina,101.137.129.210
171,Bonnie,Patterson,bpatterson4q@forbes.com,Dominican Republic,124.143.184.229
172,Dennis,Graham,dgraham4r@liveinternet.ru,Malaysia,55.144.40.55
173,Amanda,Ford,aford4s@ezinearticles.com,China,92.249.241.156
174,Alice,Gibson,agibson4t@jugem.jp,Brazil,149.237.85.56
175,Michelle,Lawrence,mlawrence4u@hc360.com,Japan,242.156.190.134
176,Gary,Myers,gmyers4v@symantec.com,Japan,42.113.225.181
177,Gregory,Mcdonald,gmcdonald4w@123-reg.co.uk,Brazil,101.70.151.98
178,Joseph,Stevens,jstevens4x@cornell.edu,Philippines,186.215.234.116
179,Kelly,Welch,kwelch4y@flavors.me,China,181.204.133.137
180,Beverly,Ford,bford4z@drupal.org,Russia,179.45.29.6
181,Jane,Reynolds,jreynolds50@hud.gov,Indonesia,165.110.82.241
182,Terry,Scott,tscott51@typepad.com,China,254.52.151.170
183,Laura,Foster,lfoster52@creativecommons.org,Sweden,56.70.50.110
184,Randy,Diaz,rdiaz53@smugmug.com,Indonesia,115.37.238.150
185,Bruce,Dunn,bdunn54@youtube.com,Czech Republic,101.35.76.154
186,Jeffrey,Boyd,jboyd55@acquirethisname.com,Russia,236.200.220.181
187,Walter,Parker,wparker56@msu.edu,Indonesia,139.223.225.137
188,Norma,Riley,nriley57@mtv.com,Philippines,80.206.146.237
189,Peter,Roberts,proberts58@webeden.co.uk,Portugal,142.255.200.13
190,Karen,Palmer,kpalmer59@about.com,South Africa,230.44.93.151
191,Robert,Tucker,rtucker5a@census.gov,Brazil,135.7.241.199
192,Mark,Davis,mdavis5b@narod.ru,China,108.37.134.108
193,Richard,Owens,rowens5c@skyrock.com,Dominican Republic,172.178.26.44
194,Karen,Watkins,kwatkins5d@state.gov,Indonesia,174.169.197.113
195,Carlos,Jackson,cjackson5e@pcworld.com,Guatemala,233.244.32.237
196,Kimberly,Washington,kwashington5f@youtu.be,Brazil,194.143.189.159
197,Jose,Myers,jmyers5g@drupal.org,Russia,200.224.41.107
198,Brian,Mason,bmason5h@qq.com,Philippines,167.252.112.129
199,Jessica,Murray,jmurray5i@umn.edu,Japan,195.22.67.12
200,Alan,Warren,awarren5j@engadget.com,Indonesia,144.38.234.199
201,Samuel,Nelson,snelson5k@skype.com,Philippines,143.126.235.157
202,John,Howard,jhoward5l@vinaora.com,Malaysia,183.133.254.223
203,Phyllis,Reynolds,preynolds5m@baidu.com,Georgia,230.34.124.87
204,Teresa,Larson,tlarson5n@aol.com,Poland,77.126.13.160
205,Carlos,Butler,cbutler5o@constantcontact.com,Philippines,57.150.174.151
206,Ashley,Pierce,apierce5p@usa.gov,China,210.7.8.17
207,Patricia,Stevens,pstevens5q@kickstarter.com,Brazil,129.62.36.86
208,Donald,Jordan,djordan5r@psu.edu,Bolivia,140.57.161.108
209,Jeremy,Wells,jwells5s@sogou.com,China,89.254.42.61
210,John,Castillo,jcastillo5t@yale.edu,China,251.244.26.10
211,Amanda,Foster,afoster5u@tiny.cc,Madagascar,241.150.182.161
212,Anne,Black,ablack5v@yolasite.com,China,28.254.59.140
213,Craig,Jackson,cjackson5w@google.fr,Philippines,45.195.255.111
214,Virginia,Mitchell,vmitchell5x@stumbleupon.com,Mongolia,193.90.124.102
215,Steven,Austin,saustin5y@reddit.com,Panama,23.250.64.18
216,Ann,Hawkins,ahawkins5z@myspace.com,Egypt,183.54.253.30
217,Bonnie,Hunt,bhunt60@t-online.de,Philippines,22.146.14.232
218,Jane,Harper,jharper61@ustream.tv,Brazil,15.160.64.234
219,Albert,Young,ayoung62@dropbox.com,Ukraine,12.155.170.162
220,Katherine,Olson,kolson63@telegraph.co.uk,France,79.249.33.91
221,Judith,Perkins,jperkins64@home.pl,China,16.254.182.29
222,Virginia,Phillips,vphillips65@over-blog.com,China,176.91.163.95
223,Louise,Hayes,lhayes66@skype.com,Guatemala,124.237.37.164
224,Terry,Chavez,tchavez67@cbsnews.com,China,188.119.6.31
225,Alice,Ortiz,aortiz68@xrea.com,Philippines,65.166.96.159
226,Rachel,Morrison,rmorrison69@umn.edu,China,154.244.150.77
227,David,Willis,dwillis6a@indiatimes.com,Brazil,130.128.144.217
228,Jessica,Williams,jwilliams6b@soup.io,Philippines,156.190.169.173
229,Betty,Warren,bwarren6c@zimbio.com,China,252.39.190.254
230,Wayne,Mills,wmills6d@over-blog.com,Lesotho,151.170.97.109
231,Harold,Henderson,hhenderson6e@kickstarter.com,China,15.103.75.1
232,Rebecca,Romero,rromero6f@sourceforge.net,Philippines,209.109.52.212
233,Stephanie,Torres,storres6g@army.mil,Philippines,247.72.35.120
234,Jeremy,Kim,jkim6h@wisc.edu,Guatemala,1.77.79.198
235,Sean,Bowman,sbowman6i@sina.com.cn,Indonesia,139.109.8.162
236,Tina,Thomas,tthomas6j@yelp.com,Indonesia,41.102.212.191
237,Rebecca,Burke,rburke6k@patch.com,China,212.77.240.213
238,Thomas,Collins,tcollins6l@oaic.gov.au,Kuwait,155.54.36.209
239,Wanda,Castillo,wcastillo6m@adobe.com,China,194.115.87.13
240,Gerald,Jones,gjones6n@sciencedaily.com,Sweden,191.110.12.10
241,Martin,Warren,mwarren6o@unicef.org,Indonesia,109.122.197.230
242,Roy,Fernandez,rfernandez6p@netscape.com,Indonesia,89.242.141.50
243,Norma,Hamilton,nhamilton6q@google.it,Indonesia,113.183.96.139
244,Joshua,Wagner,jwagner6r@upenn.edu,Serbia,60.181.220.96
245,Lori,Snyder,lsnyder6s@topsy.com,Russia,116.68.159.57
246,Rachel,Reid,rreid6t@clickbank.net,Bosnia and Herzegovina,50.31.224.144
247,Benjamin,Chapman,bchapman6u@themeforest.net,Brazil,20.39.94.32
248,Ralph,Burton,rburton6v@google.ca,China,247.84.50.1
249,Andrea,Kennedy,akennedy6w@delicious.com,Brazil,47.97.91.161
250,Paul,Duncan,pduncan6x@shareasale.com,Greece,238.55.27.209
251,Jacqueline,Brown,jbrown6y@bravesites.com,Russia,135.24.172.182
252,Kevin,Adams,kadams6z@mit.edu,Laos,230.81.102.135
253,Patrick,Edwards,pedwards70@is.gd,Indonesia,36.220.124.41
254,Raymond,Hudson,rhudson71@europa.eu,Japan,124.60.63.142
255,Juan,Fox,jfox72@pinterest.com,Malaysia,143.115.44.38
256,Philip,Ward,pward73@reverbnation.com,Canada,207.83.75.35
257,Rachel,Stone,rstone74@constantcontact.com,Sweden,121.139.216.176
258,Andrew,Foster,afoster75@amazon.co.jp,Canada,242.105.86.212
259,Ashley,Henderson,ahenderson76@msu.edu,Kazakhstan,117.33.198.119
260,Gregory,Jackson,gjackson77@wp.com,Brazil,232.81.109.28
261,Betty,Romero,bromero78@w3.org,Sweden,117.4.222.254
262,Doris,Ford,dford79@bluehost.com,Thailand,93.235.239.61
263,Jean,Cunningham,jcunningham7a@ask.com,Norway,96.108.188.213
264,Rachel,Cole,rcole7b@vimeo.com,Philippines,70.191.221.146
265,Gerald,Edwards,gedwards7c@techcrunch.com,Indonesia,125.60.88.108
266,Rachel,Owens,rowens7d@google.it,China,130.89.67.150
267,Susan,Rodriguez,srodriguez7e@ca.gov,Indonesia,25.149.249.53
268,Sarah,Collins,scollins7f@blogs.com,Indonesia,223.182.246.186
269,Keith,Hayes,khayes7g@google.ca,Mexico,67.99.138.87
270,Carolyn,Rogers,crogers7h@zdnet.com,France,122.167.17.156
271,Craig,Black,cblack7i@exblog.jp,China,251.218.123.192
272,Rose,Price,rprice7j@shutterfly.com,China,146.132.233.144
273,Kevin,Walker,kwalker7k@whitehouse.gov,Philippines,101.252.62.130
274,Johnny,Fuller,jfuller7l@usatoday.com,Philippines,255.109.194.249
275,Earl,Ward,eward7m@washingtonpost.com,Poland,51.116.126.39
276,Janice,Kennedy,jkennedy7n@t.co,Greece,245.232.159.98
277,Helen,Hill,hhill7o@acquirethisname.com,Portugal,222.137.14.39
278,Patricia,Nguyen,pnguyen7p@fda.gov,"Bonaire, Saint Eustatius and Saba ",81.218.138.192
279,Harry,Powell,hpowell7q@booking.com,Sweden,214.55.121.245
280,Marie,Barnes,mbarnes7r@geocities.com,China,254.102.63.98
281,Evelyn,Nichols,enichols7s@harvard.edu,Poland,43.10.206.229
282,Jerry,Hawkins,jhawkins7t@deliciousdays.com,China,140.173.53.200
283,Carlos,Hunter,chunter7u@ft.com,Vietnam,156.34.215.164
284,Jacqueline,Hart,jhart7v@ow.ly,China,158.45.50.105
285,Andrew,Henry,ahenry7w@stumbleupon.com,Indonesia,20.219.74.152
286,Pamela,Ross,pross7x@tripadvisor.com,Guatemala,84.141.104.4
287,Irene,Foster,ifoster7y@livejournal.com,Sweden,193.135.93.28
288,Brenda,Stone,bstone7z@uiuc.edu,Brazil,162.56.145.107
289,Fred,Cox,fcox80@aol.com,China,235.100.86.152
290,Julia,Stewart,jstewart81@istockphoto.com,Bosnia and Herzegovina,6.10.223.159
291,Jeremy,Wheeler,jwheeler82@columbia.edu,Portugal,63.124.114.77
292,Catherine,Miller,cmiller83@twitter.com,Iran,21.205.5.141
293,Frank,Morales,fmorales84@ox.ac.uk,China,92.63.119.96
294,Howard,Jackson,hjackson85@cisco.com,France,57.79.161.9
295,Ann,Woods,awoods86@dropbox.com,China,243.231.155.84
296,Henry,Fuller,hfuller87@nature.com,Czech Republic,123.147.235.50
297,Annie,Hansen,ahansen88@europa.eu,Nigeria,117.179.210.243
298,Ronald,Flores,rflores89@example.com,China,38.108.56.193
299,Andrew,Berry,aberry8a@biblegateway.com,Azerbaijan,1.131.200.206
300,David,Ruiz,druiz8b@bandcamp.com,Philippines,71.133.159.82
301,Catherine,Duncan,cduncan8c@people.com.cn,China,92.42.99.158
302,Robert,Howard,rhoward8d@intel.com,Kazakhstan,104.243.196.250
303,Jessica,Bishop,jbishop8e@clickbank.net,Russia,56.216.170.228
304,Dennis,Palmer,dpalmer8f@oaic.gov.au,Ukraine,120.9.27.25
305,Jonathan,Flores,jflores8g@ox.ac.uk,Belarus,116.139.65.179
306,Bobby,Fox,bfox8h@wunderground.com,Vietnam,196.247.13.25
307,Peter,Martin,pmartin8i@google.it,Thailand,85.130.1.224
308,Lisa,Grant,lgrant8j@xinhuanet.com,China,86.159.3.88
309,Mildred,Simmons,msimmons8k@dot.gov,Mali,214.72.156.197
310,Russell,Black,rblack8l@un.org,Jamaica,162.69.172.199
311,Carolyn,Turner,cturner8m@yolasite.com,France,35.57.127.183
312,Andrea,Wagner,awagner8n@microsoft.com,Philippines,219.96.226.32
313,Pamela,Stewart,pstewart8o@goodreads.com,Brazil,200.36.83.32
314,Harry,Stone,hstone8p@si.edu,Peru,30.66.55.205
315,Lois,Bishop,lbishop8q@apple.com,Philippines,145.231.199.9
316,Benjamin,Coleman,bcoleman8r@nbcnews.com,China,36.194.35.129
317,Irene,Schmidt,ischmidt8s@nasa.gov,Indonesia,234.13.57.8
318,Jonathan,Adams,jadams8t@sitemeter.com,Poland,78.169.245.1
319,Beverly,Welch,bwelch8u@netlog.com,Indonesia,25.94.153.134
320,Larry,Howell,lhowell8v@msn.com,Ukraine,119.225.175.4
321,Jimmy,Jenkins,jjenkins8w@yolasite.com,Indonesia,141.28.143.220
322,Deborah,Moore,dmoore8x@hatena.ne.jp,Indonesia,232.239.252.155
323,Joyce,Smith,jsmith8y@disqus.com,Zambia,49.68.144.146
324,Nancy,Turner,nturner8z@forbes.com,South Africa,174.22.10.38
325,Anne,Grant,agrant90@parallels.com,Colombia,147.76.55.177
326,Kelly,Mills,kmills91@domainmarket.com,Indonesia,180.126.92.251
327,Lillian,Kelly,lkelly92@feedburner.com,China,161.105.7.177
328,George,Howard,ghoward93@php.net,Colombia,228.23.164.18
329,Terry,Marshall,tmarshall94@geocities.jp,Gambia,232.39.103.108
330,George,Mills,gmills95@dmoz.org,Indonesia,50.61.36.223
331,Nancy,Ray,nray96@google.de,Indonesia,159.236.80.130
332,Jane,Burton,jburton97@ning.com,Syria,60.5.23.131
333,Kenneth,Hudson,khudson98@csmonitor.com,Indonesia,9.152.10.96
334,Dorothy,Murphy,dmurphy99@pbs.org,Thailand,169.210.240.96
335,Gary,Weaver,gweaver9a@archive.org,Bahrain,118.168.132.34
336,Carl,Knight,cknight9b@nationalgeographic.com,Brazil,177.98.159.226
337,Brenda,Castillo,bcastillo9c@icio.us,Uruguay,0.219.10.254
338,Justin,Pierce,jpierce9d@edublogs.org,China,112.214.156.216
339,Mildred,Gonzales,mgonzales9e@fda.gov,Tanzania,8.67.165.63
340,Cheryl,Jackson,cjackson9f@gnu.org,South Korea,228.140.129.251
341,Keith,Larson,klarson9g@meetup.com,Indonesia,9.61.54.141
342,Katherine,Williamson,kwilliamson9h@wufoo.com,Indonesia,86.248.71.164
343,Robin,Ramos,rramos9i@yahoo.com,Angola,154.42.69.75
344,Donald,Morales,dmorales9j@reuters.com,China,152.59.118.183
345,Helen,Carroll,hcarroll9k@springer.com,China,48.57.189.127
346,Marie,Frazier,mfrazier9l@statcounter.com,Ukraine,121.146.102.235
347,Howard,Reyes,hreyes9m@pbs.org,Philippines,191.14.197.76
348,Angela,Nguyen,anguyen9n@dagondesign.com,Poland,35.188.215.40
349,Joe,Fernandez,jfernandez9o@ustream.tv,China,230.195.2.184
350,Jennifer,Lane,jlane9p@ameblo.jp,Indonesia,18.26.61.72
351,Tammy,Patterson,tpatterson9q@harvard.edu,Peru,58.3.215.19
352,Fred,Wright,fwright9r@themeforest.net,Panama,214.127.104.207
353,Lawrence,Kelly,lkelly9s@weather.com,Russia,70.114.58.242
354,Brian,Lee,blee9t@sogou.com,Nigeria,128.231.222.194
355,Christine,Perez,cperez9u@hhs.gov,China,14.42.218.146
356,Beverly,Welch,bwelch9v@army.mil,Portugal,195.251.229.77
357,Anthony,Griffin,agriffin9w@chron.com,Indonesia,66.26.10.216
358,Juan,Sanchez,jsanchez9x@51.la,Indonesia,64.110.194.0
359,Steve,Hunter,shunter9y@theatlantic.com,Indonesia,77.8.113.122
360,Bobby,Day,bday9z@arstechnica.com,Turkmenistan,189.52.75.52
361,Wanda,Wells,wwellsa0@aol.com,France,223.228.132.233
362,Craig,White,cwhitea1@furl.net,Brazil,236.34.135.147
363,Steven,Ford,sforda2@acquirethisname.com,Portugal,149.97.168.91
364,Pamela,Snyder,psnydera3@jigsy.com,Gambia,98.0.135.154
365,Jeremy,Webb,jwebba4@feedburner.com,Indonesia,248.0.203.255
366,Wanda,Rodriguez,wrodrigueza5@marriott.com,France,67.160.241.12
367,Thomas,Wagner,twagnera6@people.com.cn,Colombia,0.238.197.87
368,Michelle,Oliver,molivera7@blinklist.com,Ukraine,237.252.36.79
369,Marilyn,Greene,mgreenea8@yolasite.com,China,133.105.225.29
370,Chris,Harvey,charveya9@etsy.com,China,78.254.2.195
371,Anthony,Fernandez,afernandezaa@google.pl,China,68.253.20.157
372,David,Nichols,dnicholsab@nbcnews.com,Russia,28.85.106.195
373,Walter,Howell,whowellac@tripod.com,China,157.238.236.37
374,Ruby,Sullivan,rsullivanad@reuters.com,Indonesia,116.40.198.186
375,Gary,Powell,gpowellae@histats.com,Indonesia,57.218.14.205
376,Carol,Mitchell,cmitchellaf@paginegialle.it,Sweden,27.30.189.96
377,Benjamin,Morris,bmorrisag@ihg.com,United States,10.212.15.89
378,Sean,Frazier,sfrazierah@blog.com,Indonesia,231.119.231.164
379,Albert,Pierce,apierceai@bloomberg.com,Finland,2.188.154.82
380,Betty,Wagner,bwagneraj@uol.com.br,Norway,75.129.99.176
381,Susan,Moreno,smorenoak@people.com.cn,Mexico,223.205.195.167
382,Irene,Stewart,istewartal@who.int,Mexico,21.0.164.4
383,Marie,Mills,mmillsam@columbia.edu,Thailand,115.231.18.93
384,Lisa,Olson,lolsonan@dyndns.org,Albania,58.153.8.150
385,Eugene,Porter,eporterao@surveymonkey.com,China,176.32.104.72
386,Martin,Harvey,mharveyap@usgs.gov,Brazil,3.225.179.22
387,Philip,Rice,priceaq@sciencedaily.com,Poland,143.11.98.182
388,Pamela,Wood,pwoodar@bing.com,Poland,217.89.155.108
389,Martin,Martinez,mmartinezas@intel.com,China,252.77.8.43
390,Kevin,Lane,klaneat@mit.edu,Greece,46.39.230.134
391,Kathy,Matthews,kmatthewsau@google.com.au,China,97.97.72.22
392,Brenda,Myers,bmyersav@stumbleupon.com,China,33.190.126.232
393,Randy,Gonzalez,rgonzalezaw@wix.com,Indonesia,222.248.238.149
394,Tina,Scott,tscottax@hexun.com,Philippines,130.186.220.196
395,Wanda,Allen,wallenay@msu.edu,Portugal,126.240.59.52
396,Evelyn,Henry,ehenryaz@omniture.com,Indonesia,206.117.141.68
397,Annie,Nguyen,anguyenb0@discovery.com,Ukraine,79.39.170.76
398,Beverly,Adams,badamsb1@multiply.com,Poland,209.234.147.19
399,Irene,Owens,iowensb2@ftc.gov,Syria,48.213.74.101
400,Amy,Sullivan,asullivanb3@shutterfly.com,Syria,171.148.252.218
401,Steven,Fisher,sfisherb4@dagondesign.com,Poland,232.78.165.114
402,Theresa,Williamson,twilliamsonb5@homestead.com,New Caledonia,230.93.44.121
403,Kathleen,Hernandez,khernandezb6@berkeley.edu,Thailand,144.60.81.226
404,Nicholas,Kennedy,nkennedyb7@pcworld.com,Indonesia,106.207.15.235
405,Harold,Kelly,hkellyb8@google.co.uk,Portugal,27.11.90.202
406,Todd,Hayes,thayesb9@irs.gov,Indonesia,118.150.24.154
407,Ronald,Gonzalez,rgonzalezba@xing.com,United States,64.91.38.38
408,Margaret,Howard,mhowardbb@sun.com,Paraguay,252.59.24.11
409,Melissa,Williams,mwilliamsbc@comcast.net,Greece,106.121.137.203
410,Jane,Jackson,jjacksonbd@baidu.com,Ireland,254.92.163.216
411,Andrea,Morris,amorrisbe@addtoany.com,China,112.123.189.233
412,Nicholas,Weaver,nweaverbf@paginegialle.it,French Polynesia,163.195.138.222
413,Jeremy,Frazier,jfrazierbg@state.gov,Philippines,130.25.240.227
414,Timothy,Rodriguez,trodriguezbh@discovery.com,Thailand,69.120.82.222
415,Louis,Edwards,ledwardsbi@gmpg.org,Indonesia,54.128.41.10
416,Sara,Tucker,stuckerbj@livejournal.com,Indonesia,158.136.118.153
417,Stephanie,Day,sdaybk@house.gov,Burkina Faso,246.198.218.195
418,Helen,Woods,hwoodsbl@dot.gov,China,207.133.63.135
419,Harry,Brooks,hbrooksbm@vinaora.com,Madagascar,8.152.56.54
420,Earl,Holmes,eholmesbn@sina.com.cn,Brazil,95.45.117.22
421,Steven,Snyder,ssnyderbo@taobao.com,Czech Republic,232.113.196.252
422,Kathy,Patterson,kpattersonbp@4shared.com,Greece,220.250.51.174
423,Susan,Armstrong,sarmstrongbq@squarespace.com,Argentina,157.65.42.243
424,Susan,Nelson,snelsonbr@uol.com.br,Belarus,180.134.228.9
425,Debra,Gibson,dgibsonbs@joomla.org,Portugal,121.16.235.112
426,Billy,Bryant,bbryantbt@cyberchimps.com,China,59.167.15.110
427,Willie,Miller,wmillerbu@privacy.gov.au,Indonesia,211.40.104.12
428,Adam,Webb,awebbbv@eventbrite.com,Ukraine,126.117.82.25
429,Nicholas,Hudson,nhudsonbw@wisc.edu,Brazil,121.228.73.243
430,Russell,Williams,rwilliamsbx@sciencedirect.com,Cuba,33.231.216.173
431,Diana,Greene,dgreeneby@nps.gov,France,23.62.99.229
432,Joan,Snyder,jsnyderbz@vimeo.com,China,61.179.197.253
433,Jeffrey,Bradley,jbradleyc0@foxnews.com,Sweden,200.189.233.105
434,Sandra,Brooks,sbrooksc1@boston.com,Vietnam,49.232.239.210
435,Dennis,Bradley,dbradleyc2@facebook.com,United States,207.100.150.148
436,Jason,Ross,jrossc3@meetup.com,Ukraine,221.8.50.101
437,Adam,Price,apricec4@upenn.edu,Argentina,18.83.52.102
438,Craig,Daniels,cdanielsc5@patch.com,Myanmar,109.254.74.91
439,Roger,Davis,rdavisc6@wufoo.com,Hungary,155.136.243.26
440,Shawn,Russell,srussellc7@yahoo.com,Philippines,8.103.255.130
441,Thomas,Ross,trossc8@examiner.com,Sweden,28.1.166.140
442,Cynthia,Warren,cwarrenc9@cisco.com,China,193.95.53.57
443,Jennifer,Fuller,jfullerca@fotki.com,Indonesia,26.72.53.44
444,Norma,Reynolds,nreynoldscb@cbslocal.com,Indonesia,135.245.107.160
445,Martin,Woods,mwoodscc@va.gov,Indonesia,201.204.202.175
446,Walter,Mcdonald,wmcdonaldcd@google.com.br,Portugal,228.23.151.231
447,Lois,Washington,lwashingtonce@clickbank.net,Ireland,11.79.84.39
448,Teresa,Howard,thowardcf@mtv.com,Canada,133.29.200.81
449,Steve,Cunningham,scunninghamcg@google.com,Paraguay,24.187.175.90
450,Justin,Crawford,jcrawfordch@opera.com,China,137.138.191.8
451,Jack,Franklin,jfranklinci@europa.eu,Philippines,193.146.71.167
452,Theresa,Gordon,tgordoncj@oakley.com,Guatemala,68.196.4.52
453,Andrew,Reyes,areyesck@accuweather.com,Sweden,24.92.230.42
454,Joshua,Reed,jreedcl@ucsd.edu,China,170.169.177.55
455,Gary,Weaver,gweavercm@dell.com,China,212.169.189.6
456,Karen,Washington,kwashingtoncn@ted.com,France,110.89.170.106
457,Raymond,Cox,rcoxco@gizmodo.com,China,51.140.107.231
458,Alan,Hanson,ahansoncp@thetimes.co.uk,China,128.233.174.51
459,Harold,Butler,hbutlercq@123-reg.co.uk,China,122.108.235.222
460,Alice,Lee,aleecr@facebook.com,Central African Republic,107.209.212.240
461,Bruce,Jackson,bjacksoncs@dailymotion.com,China,18.160.251.192
462,Donna,Murray,dmurrayct@usnews.com,Poland,40.68.146.50
463,Wanda,Richardson,wrichardsoncu@sun.com,China,88.46.19.219
464,Jeremy,Taylor,jtaylorcv@usda.gov,China,143.253.42.155
465,Joshua,West,jwestcw@friendfeed.com,Russia,50.123.196.240
466,Earl,Pierce,epiercecx@smh.com.au,France,212.74.144.67
467,Jeremy,Tucker,jtuckercy@usa.gov,Indonesia,78.110.182.156
468,Janice,Elliott,jelliottcz@nps.gov,Indonesia,186.163.104.32
469,Theresa,Hill,thilld0@imdb.com,China,252.199.135.95
470,Susan,Gardner,sgardnerd1@wisc.edu,Brazil,52.242.83.218
471,Richard,Grant,rgrantd2@hud.gov,Portugal,126.105.210.155
472,Anthony,Wells,awellsd3@e-recht24.de,Indonesia,201.42.52.246
473,Helen,Hicks,hhicksd4@etsy.com,China,114.7.157.58
474,Jennifer,Harrison,jharrisond5@google.com.hk,United States,172.101.150.84
475,Henry,Harper,hharperd6@t.co,France,97.214.54.182
476,Benjamin,Olson,bolsond7@irs.gov,Finland,91.102.1.240
477,Dorothy,Ramirez,dramirezd8@microsoft.com,Indonesia,11.170.90.145
478,Martin,Bryant,mbryantd9@soup.io,Indonesia,81.3.82.144
479,Billy,Nguyen,bnguyenda@squarespace.com,Vietnam,111.57.87.249
480,Earl,Dixon,edixondb@pcworld.com,France,130.229.223.44
481,Randy,Reid,rreiddc@printfriendly.com,Indonesia,202.111.52.205
482,Arthur,Daniels,adanielsdd@fema.gov,Indonesia,98.245.94.173
483,Katherine,Reyes,kreyesde@smh.com.au,Poland,19.202.72.255
484,Phyllis,Hansen,phansendf@fema.gov,Madagascar,42.107.129.134
485,Melissa,Nichols,mnicholsdg@illinois.edu,China,248.207.183.39
486,Walter,Mason,wmasondh@dagondesign.com,Peru,240.103.197.41
487,Jennifer,Mitchell,jmitchelldi@nifty.com,China,173.9.115.25
488,Kathy,Gray,kgraydj@craigslist.org,China,103.43.133.2
489,Kathy,Parker,kparkerdk@hc360.com,Philippines,67.253.227.199
490,Michael,Greene,mgreenedl@scribd.com,Israel,111.44.48.39
491,Jack,Henderson,jhendersondm@timesonline.co.uk,Indonesia,101.130.36.28
492,Phillip,Dean,pdeandn@plala.or.jp,China,97.174.172.186
493,Maria,Burke,mburkedo@over-blog.com,China,182.40.149.208
494,Cynthia,Medina,cmedinadp@wikispaces.com,China,171.197.130.181
495,Adam,Scott,ascottdq@google.cn,Canada,45.25.4.176
496,Todd,Day,tdaydr@delicious.com,Montenegro,191.24.139.112
497,Howard,Diaz,hdiazds@yelp.com,China,130.39.65.220
498,Peter,Hernandez,phernandezdt@histats.com,China,226.21.42.223
499,Joshua,Patterson,jpattersondu@virginia.edu,Russia,55.37.59.78
500,Jennifer,Hunt,jhuntdv@flickr.com,Guatemala,45.192.236.195
501,Jeffrey,Butler,jbutlerdw@tuttocitta.it,Ukraine,193.139.90.223
502,Kathy,Bell,kbelldx@1und1.de,Sweden,216.40.92.183
503,Marilyn,Snyder,msnyderdy@whitehouse.gov,Portugal,232.212.233.133
504,Scott,Peters,spetersdz@vimeo.com,Netherlands,214.112.253.76
505,Heather,Graham,hgrahame0@unicef.org,Brazil,41.217.160.21
506,Rebecca,Rogers,rrogerse1@amazon.com,Finland,172.167.203.93
507,Joseph,Graham,jgrahame2@nifty.com,Greece,225.104.86.189
508,Kelly,Simpson,ksimpsone3@histats.com,Brazil,191.115.21.93
509,Jerry,Rivera,jriverae4@answers.com,Poland,124.93.134.203
510,Anthony,Fisher,afishere5@cbc.ca,Indonesia,157.160.82.173
511,Alan,Carter,acartere6@dmoz.org,China,86.93.182.114
512,Cheryl,Sims,csimse7@gravatar.com,Peru,187.55.36.150
513,Gregory,Lewis,glewise8@nih.gov,Burkina Faso,249.165.124.241
514,Denise,Gray,dgraye9@biblegateway.com,France,143.83.6.211
515,Bobby,Campbell,bcampbellea@ow.ly,Guyana,175.134.120.94
516,Margaret,Hamilton,mhamiltoneb@nasa.gov,Malaysia,191.124.136.148
517,Emily,Warren,ewarrenec@yandex.ru,China,219.162.12.234
518,Judith,Romero,jromeroed@shinystat.com,Honduras,29.35.60.220
519,Jimmy,Fernandez,jfernandezee@zdnet.com,Indonesia,91.97.239.40
520,Michelle,Tucker,mtuckeref@dedecms.com,United States,22.193.161.60
521,Rose,Bishop,rbishopeg@arstechnica.com,Indonesia,175.191.138.206
522,Steve,Taylor,stayloreh@microsoft.com,Aland Islands,45.227.225.77
523,Sean,Brown,sbrownei@about.me,Egypt,234.52.149.215
524,Gregory,Bradley,gbradleyej@slate.com,Madagascar,142.31.102.16
525,Jean,Watson,jwatsonek@ucoz.ru,Indonesia,109.239.178.137
526,Gerald,Lawrence,glawrenceel@devhub.com,Moldova,26.96.149.36
527,Rose,Ryan,rryanem@hostgator.com,China,178.250.180.152
528,Theresa,Tucker,ttuckeren@youku.com,China,151.163.60.9
529,Gregory,Patterson,gpattersoneo@parallels.com,Indonesia,172.223.218.119
530,Bobby,Morris,bmorrisep@guardian.co.uk,China,84.62.147.191
531,Albert,Hanson,ahansoneq@clickbank.net,China,222.194.94.157
532,Stephen,Garza,sgarzaer@xrea.com,Philippines,151.35.173.224
533,Sandra,Carter,scarteres@narod.ru,Poland,73.90.151.143
534,Virginia,Morris,vmorriset@mapquest.com,New Zealand,221.23.227.118
535,Janet,Mendoza,jmendozaeu@tuttocitta.it,Finland,207.160.112.122
536,Christine,Alexander,calexanderev@vkontakte.ru,China,203.81.142.235
537,Jane,Cook,jcookew@blinklist.com,Colombia,228.55.3.70
538,Anne,Cooper,acooperex@stumbleupon.com,France,149.124.80.217
539,Rachel,Wood,rwoodey@networksolutions.com,Sudan,160.111.165.229
540,Wanda,Stone,wstoneez@tmall.com,Laos,52.83.128.101
541,Mary,Mccoy,mmccoyf0@yellowbook.com,Bulgaria,225.241.12.174
542,Sean,Willis,swillisf1@microsoft.com,Brazil,249.64.200.123
543,Howard,Richards,hrichardsf2@mail.ru,Azerbaijan,187.196.35.237
544,Anthony,Hudson,ahudsonf3@qq.com,Guatemala,49.124.134.35
545,Douglas,Stevens,dstevensf4@eventbrite.com,China,207.58.179.20
546,Ernest,Brooks,ebrooksf5@nhs.uk,China,124.77.55.221
547,Sarah,Campbell,scampbellf6@amazon.de,Russia,187.44.118.178
548,Ralph,Carr,rcarrf7@un.org,Malaysia,33.115.153.146
549,Debra,Robertson,drobertsonf8@t.co,Philippines,84.9.104.188
550,Jack,Ramirez,jramirezf9@vimeo.com,China,17.162.21.26
551,Marilyn,Baker,mbakerfa@imdb.com,Russia,103.213.120.250
552,Timothy,Cox,tcoxfb@shutterfly.com,Indonesia,250.34.46.166
553,Sara,Collins,scollinsfc@live.com,Indonesia,103.247.199.121
554,Ryan,Franklin,rfranklinfd@hostgator.com,Ukraine,172.46.180.237
555,Richard,Mcdonald,rmcdonaldfe@google.com.au,Indonesia,216.99.103.203
556,Brenda,Nichols,bnicholsff@bloomberg.com,China,206.234.133.249
557,Russell,Crawford,rcrawfordfg@nasa.gov,Nigeria,228.183.57.189
558,Brenda,Shaw,bshawfh@archive.org,China,108.159.132.0
559,Jack,Wagner,jwagnerfi@cyberchimps.com,Poland,43.149.111.104
560,Theresa,Morris,tmorrisfj@reuters.com,Philippines,60.157.213.51
561,Robin,Burton,rburtonfk@nature.com,Brazil,205.142.175.189
562,Julie,White,jwhitefl@nyu.edu,Russia,232.96.172.37
563,Rose,Burns,rburnsfm@yolasite.com,Canada,48.81.179.168
564,Juan,Thompson,jthompsonfn@goodreads.com,Indonesia,68.73.216.17
565,Marilyn,Castillo,mcastillofo@whitehouse.gov,Czech Republic,133.124.92.124
566,Frank,Evans,fevansfp@narod.ru,Indonesia,237.160.229.70
567,Jeremy,Gomez,jgomezfq@lulu.com,Poland,205.96.22.243
568,Gregory,Warren,gwarrenfr@vk.com,Indonesia,44.230.142.222
569,Scott,Stanley,sstanleyfs@cafepress.com,Sweden,220.36.146.149
570,Jerry,Griffin,jgriffinft@who.int,Serbia,238.193.137.58
571,Wanda,Collins,wcollinsfu@imdb.com,Central African Republic,124.19.188.253
572,John,Stanley,jstanleyfv@shinystat.com,Ecuador,6.227.40.226
573,Bruce,Jenkins,bjenkinsfw@google.pl,Iran,6.145.73.22
574,Timothy,Wells,twellsfx@yellowbook.com,Indonesia,56.2.112.75
575,Julie,Dunn,jdunnfy@apple.com,United States,89.252.102.90
576,Daniel,Elliott,delliottfz@godaddy.com,Panama,255.190.218.202
577,Chris,Ferguson,cfergusong0@bravesites.com,Thailand,148.182.97.173
578,Christopher,Ferguson,cfergusong1@epa.gov,France,167.222.198.42
579,Phillip,Sims,psimsg2@samsung.com,Croatia,161.32.69.233
580,Philip,Thomas,pthomasg3@tinypic.com,Brazil,252.141.82.94
581,Ernest,Long,elongg4@yellowbook.com,Poland,161.144.140.146
582,Samuel,Anderson,sandersong5@reverbnation.com,Peru,171.112.162.159
583,Beverly,Payne,bpayneg6@google.com,China,145.58.56.134
584,Earl,Ellis,eellisg7@i2i.jp,Colombia,231.130.54.105
585,Wanda,Roberts,wrobertsg8@cnet.com,Nigeria,234.219.25.221
586,Theresa,Henderson,thendersong9@quantcast.com,Latvia,204.167.151.183
587,Pamela,Webb,pwebbga@simplemachines.org,United States,72.9.231.124
588,Anthony,Smith,asmithgb@dropbox.com,Russia,216.22.35.160
589,Ryan,Allen,rallengc@devhub.com,China,70.20.181.168
590,Randy,Gomez,rgomezgd@sohu.com,Sweden,174.226.41.109
591,Carol,White,cwhitege@kickstarter.com,Afghanistan,90.233.70.9
592,Carlos,Rose,crosegf@scientificamerican.com,Ukraine,157.193.137.79
593,Albert,Greene,agreenegg@aol.com,China,223.62.16.145
594,Susan,Lopez,slopezgh@yahoo.com,China,130.217.76.129
595,Michelle,White,mwhitegi@blogger.com,Armenia,159.81.67.210
596,Samuel,Spencer,sspencergj@mtv.com,Sweden,152.23.237.207
597,Stephen,Phillips,sphillipsgk@google.com,Pakistan,35.63.55.240
598,Donna,Long,dlonggl@surveymonkey.com,Vietnam,41.138.118.242
599,Johnny,Simmons,jsimmonsgm@livejournal.com,China,42.194.249.99
600,Louis,Lopez,llopezgn@nytimes.com,Indonesia,242.206.46.174
601,Julia,Hunter,jhuntergo@yale.edu,Indonesia,247.104.204.49
602,Victor,Hayes,vhayesgp@cnn.com,Philippines,79.190.144.114
603,Willie,Lopez,wlopezgq@disqus.com,China,141.98.131.135
604,Christine,Daniels,cdanielsgr@hostgator.com,Indonesia,69.121.23.118
605,Deborah,Black,dblackgs@google.cn,Russia,85.64.32.29
606,Kevin,Reynolds,kreynoldsgt@facebook.com,Cuba,2.11.253.250
607,Jean,Evans,jevansgu@addtoany.com,France,31.184.93.232
608,Adam,Roberts,arobertsgv@wisc.edu,Indonesia,245.188.61.237
609,Jennifer,Perkins,jperkinsgw@naver.com,Ireland,47.172.241.220
610,Barbara,Elliott,belliottgx@dot.gov,China,50.87.75.179
611,Johnny,Hudson,jhudsongy@loc.gov,Ecuador,123.237.28.146
612,Ronald,Cunningham,rcunninghamgz@nature.com,United States,159.15.7.101
613,Stephanie,Nelson,snelsonh0@marketwatch.com,China,154.49.141.63
614,Doris,Bell,dbellh1@hugedomains.com,Indonesia,40.88.140.39
615,Howard,Snyder,hsnyderh2@usa.gov,Thailand,27.190.233.139
616,Deborah,Washington,dwashingtonh3@ft.com,Indonesia,240.194.134.10
617,Chris,Warren,cwarrenh4@epa.gov,Malaysia,225.199.8.100
618,Stephanie,Ruiz,sruizh5@wordpress.org,Saudi Arabia,76.126.45.159
619,Barbara,Rodriguez,brodriguezh6@so-net.ne.jp,Liberia,215.179.35.201
620,Rachel,Wood,rwoodh7@constantcontact.com,China,49.137.189.159
621,Brian,Lynch,blynchh8@yale.edu,China,250.29.220.85
622,Gerald,White,gwhiteh9@reverbnation.com,Indonesia,182.201.76.157
623,Clarence,Watkins,cwatkinsha@sphinn.com,Mexico,208.222.198.96
624,Eric,Jackson,ejacksonhb@nih.gov,China,157.229.68.251
625,Philip,Stephens,pstephenshc@webnode.com,United States,229.89.42.62
626,Tina,Collins,tcollinshd@goodreads.com,Russia,178.47.13.195
627,Kevin,Burke,kburkehe@vkontakte.ru,Sri Lanka,164.207.50.7
628,Ruth,Olson,rolsonhf@miibeian.gov.cn,China,100.57.176.199
629,Laura,Bailey,lbaileyhg@ebay.co.uk,Indonesia,57.39.41.66
630,Cheryl,Rivera,criverahh@sourceforge.net,China,249.255.123.65
631,Bruce,Harvey,bharveyhi@dion.ne.jp,France,103.107.106.242
632,Victor,Hayes,vhayeshj@tmall.com,China,175.255.219.227
633,Kelly,Crawford,kcrawfordhk@linkedin.com,Georgia,91.30.165.76
634,Peter,Williamson,pwilliamsonhl@liveinternet.ru,Morocco,197.237.144.98
635,Clarence,Ramirez,cramirezhm@arstechnica.com,Egypt,147.152.171.54
636,Heather,Griffin,hgriffinhn@whitehouse.gov,Russia,34.98.174.76
637,Albert,Schmidt,aschmidtho@geocities.com,China,113.229.56.136
638,Brandon,Henry,bhenryhp@barnesandnoble.com,Poland,195.40.37.32
639,Frank,Alvarez,falvarezhq@aboutads.info,Russia,199.44.215.220
640,Jose,Davis,jdavishr@woothemes.com,Morocco,184.75.11.1
641,Rose,Walker,rwalkerhs@hc360.com,Canada,152.214.129.236
642,Pamela,Bradley,pbradleyht@oracle.com,Czech Republic,227.94.92.202
643,Jose,Gray,jgrayhu@comsenz.com,Indonesia,39.73.23.176
644,Jennifer,Garza,jgarzahv@bbb.org,Indonesia,30.216.255.194
645,Heather,Gilbert,hgilberthw@sakura.ne.jp,Philippines,151.113.250.123
646,Christine,Ford,cfordhx@bluehost.com,Nigeria,100.63.185.113
647,Bruce,Payne,bpaynehy@eventbrite.com,Finland,156.242.39.172
648,Brenda,James,bjameshz@nhs.uk,China,176.183.232.255
649,Emily,Morales,emoralesi0@yahoo.com,China,60.146.43.149
650,Patricia,Williams,pwilliamsi1@oaic.gov.au,Thailand,212.129.227.228
651,Ryan,Young,ryoungi2@cam.ac.uk,Poland,252.50.136.136
652,Nicholas,Moreno,nmorenoi3@arizona.edu,China,198.128.208.45
653,Todd,Bennett,tbennetti4@wired.com,Colombia,17.105.77.152
654,Eugene,Pierce,epiercei5@huffingtonpost.com,Russia,174.173.219.104
655,Lori,Collins,lcollinsi6@list-manage.com,Portugal,70.7.37.245
656,Bonnie,Bennett,bbennetti7@seesaa.net,China,154.135.152.198
657,Maria,Gomez,mgomezi8@stumbleupon.com,Indonesia,58.163.33.34
658,Kelly,Frazier,kfrazieri9@ustream.tv,Indonesia,51.216.247.238
659,Daniel,Ross,drossia@tumblr.com,Chile,106.235.25.8
660,Edward,Bailey,ebaileyib@sourceforge.net,China,37.195.111.193
661,Thomas,Thompson,tthompsonic@skyrock.com,Poland,96.9.28.94
662,Judy,Stevens,jstevensid@vistaprint.com,Tanzania,115.139.233.92
663,Ralph,Cox,rcoxie@nasa.gov,Ukraine,233.226.244.55
664,Joyce,Rose,jroseif@woothemes.com,Ethiopia,237.160.169.116
665,Ruth,Medina,rmedinaig@diigo.com,Kuwait,98.110.254.94
666,Joseph,Reyes,jreyesih@narod.ru,Poland,3.170.236.4
667,Shawn,Walker,swalkerii@surveymonkey.com,Poland,255.29.242.129
668,Doris,Cunningham,dcunninghamij@seesaa.net,Serbia,7.208.81.105
669,Sharon,Owens,sowensik@newyorker.com,Indonesia,59.45.189.66
670,Gerald,Knight,gknightil@hubpages.com,Philippines,95.211.69.7
671,Nicole,Lee,nleeim@yolasite.com,Indonesia,188.127.89.71
672,Steve,Walker,swalkerin@posterous.com,Poland,61.158.139.202
673,Chris,Nguyen,cnguyenio@epa.gov,Indonesia,129.100.138.132
674,Rachel,Hall,rhallip@yolasite.com,Portugal,163.160.189.35
675,Diana,Mcdonald,dmcdonaldiq@wp.com,Portugal,6.187.183.69
676,Karen,Day,kdayir@yale.edu,Argentina,227.183.103.194
677,Lois,Anderson,landersonis@gizmodo.com,Russia,140.98.214.231
678,Harold,Frazier,hfrazierit@virginia.edu,Thailand,123.88.34.246
679,Edward,Peters,epetersiu@prnewswire.com,China,26.252.34.183
680,Adam,Collins,acollinsiv@cam.ac.uk,Thailand,120.25.50.41
681,Jacqueline,Austin,jaustiniw@economist.com,Netherlands,190.218.126.94
682,Anthony,Perez,aperezix@gov.uk,China,102.116.172.38
683,Alice,Henry,ahenryiy@macromedia.com,Hungary,173.23.202.25
684,Douglas,Ryan,dryaniz@rakuten.co.jp,Honduras,126.250.177.89
685,Julia,Fuller,jfullerj0@yahoo.co.jp,Japan,92.21.203.16
686,Keith,Hamilton,khamiltonj1@symantec.com,South Africa,209.31.248.71
687,Nicholas,Stanley,nstanleyj2@cmu.edu,China,41.250.226.60
688,David,Andrews,dandrewsj3@list-manage.com,Portugal,65.146.120.101
689,Anne,Vasquez,avasquezj4@hugedomains.com,Indonesia,118.102.136.16
690,Joyce,Hanson,jhansonj5@github.io,Brazil,211.212.153.232
691,Marilyn,Berry,mberryj6@scribd.com,Philippines,23.100.157.2
692,Christina,Taylor,ctaylorj7@thetimes.co.uk,Indonesia,200.195.56.96
693,Jessica,Hawkins,jhawkinsj8@histats.com,Democratic Republic of the Congo,189.9.113.158
694,Diana,Ray,drayj9@samsung.com,China,14.134.162.117
695,Jeremy,Ortiz,jortizja@gnu.org,Colombia,206.145.106.193
696,Ashley,Hawkins,ahawkinsjb@google.co.uk,Mexico,218.40.169.241
697,Frances,Ford,ffordjc@disqus.com,Chad,141.254.162.152
698,Rose,Elliott,relliottjd@lulu.com,Indonesia,132.42.94.140
699,Bruce,Payne,bpayneje@buzzfeed.com,Poland,61.195.238.19
700,Clarence,Nichols,cnicholsjf@blogspot.com,China,63.154.74.154
701,Brian,Washington,bwashingtonjg@harvard.edu,China,218.240.91.230
702,Christine,Murray,cmurrayjh@google.com.au,Georgia,194.134.184.86
703,Todd,Burke,tburkeji@php.net,Portugal,89.101.231.217
704,Cheryl,Morrison,cmorrisonjj@icq.com,Indonesia,202.228.13.172
705,Evelyn,Riley,erileyjk@amazon.com,China,41.232.179.86
706,Beverly,Nguyen,bnguyenjl@t.co,Ukraine,80.235.120.226
707,Paula,Barnes,pbarnesjm@nyu.edu,Ecuador,116.162.9.216
708,Phyllis,Meyer,pmeyerjn@cdc.gov,France,162.130.217.210
709,Nancy,Stevens,nstevensjo@vinaora.com,Japan,169.128.223.96
710,Michael,Hawkins,mhawkinsjp@home.pl,China,131.212.75.206
711,Nicole,Fuller,nfullerjq@ucla.edu,Portugal,137.32.25.122
712,Nicole,Hudson,nhudsonjr@uol.com.br,China,221.186.64.10
713,Christopher,Alexander,calexanderjs@nps.gov,China,89.246.8.30
714,Angela,Garcia,agarciajt@theguardian.com,Ethiopia,155.157.255.170
715,Sara,West,swestju@domainmarket.com,Afghanistan,17.1.129.64
716,Marilyn,Sanders,msandersjv@sciencedaily.com,France,44.164.203.46
717,Martha,Barnes,mbarnesjw@msu.edu,Tokelau,74.244.123.82
718,Jeffrey,Carr,jcarrjx@ameblo.jp,Serbia,119.128.146.21
719,Steve,Matthews,smatthewsjy@i2i.jp,Azerbaijan,22.74.75.31
720,Beverly,Owens,bowensjz@netvibes.com,Philippines,208.221.10.78
721,Terry,Hall,thallk0@npr.org,Japan,206.53.196.163
722,Phillip,Phillips,pphillipsk1@ox.ac.uk,Lithuania,229.137.111.247
723,Harold,Franklin,hfranklink2@answers.com,Malaysia,144.111.105.14
724,Martin,Kelly,mkellyk3@google.ca,Russia,125.57.132.200
725,Mark,Oliver,moliverk4@economist.com,Sweden,44.148.78.45
726,Benjamin,Alvarez,balvarezk5@springer.com,Pakistan,238.81.45.25
727,Lawrence,Robinson,lrobinsonk6@youtu.be,South Africa,132.25.233.157
728,Russell,Reyes,rreyesk7@forbes.com,Canada,122.49.138.243
729,Paula,Flores,pfloresk8@tuttocitta.it,Sweden,175.206.222.94
730,Alice,Adams,aadamsk9@soundcloud.com,Nigeria,87.32.99.119
731,Carolyn,Ward,cwardka@creativecommons.org,Japan,19.148.207.163
732,Todd,Ross,trosskb@indiegogo.com,Italy,205.210.217.10
733,Charles,Richards,crichardskc@elpais.com,Honduras,86.141.154.119
734,Karen,Ryan,kryankd@last.fm,Netherlands,10.32.139.54
735,Jeremy,Elliott,jelliottke@timesonline.co.uk,Venezuela,168.88.79.173
736,William,Porter,wporterkf@icq.com,British Virgin Islands,189.95.200.159
737,Joshua,Ford,jfordkg@hao123.com,Indonesia,243.4.172.88
738,Amanda,White,awhitekh@tuttocitta.it,Russia,255.76.28.229
739,Carlos,Alexander,calexanderki@4shared.com,China,157.11.2.161
740,Todd,Powell,tpowellkj@cisco.com,Ghana,139.141.249.81
741,Lois,Riley,lrileykk@springer.com,China,83.247.98.87
742,Phillip,Murphy,pmurphykl@delicious.com,Malaysia,144.47.70.60
743,Andrea,Watson,awatsonkm@biblegateway.com,China,173.243.174.123
744,Phillip,Burton,pburtonkn@mlb.com,Uruguay,50.63.27.115
745,Louise,Jordan,ljordanko@rambler.ru,Luxembourg,68.29.144.114
746,Jesse,Reyes,jreyeskp@cbsnews.com,Nigeria,90.254.125.21
747,Patricia,Mccoy,pmccoykq@tripod.com,Poland,16.252.184.124
748,Doris,Schmidt,dschmidtkr@msu.edu,China,63.231.161.37
749,Melissa,Burke,mburkeks@independent.co.uk,Portugal,155.93.64.164
750,Andrea,King,akingkt@nymag.com,Zambia,197.130.112.63
751,Kathryn,Myers,kmyersku@g.co,New Zealand,100.216.65.202
752,Evelyn,Sullivan,esullivankv@paginegialle.it,Germany,144.254.58.171
753,Karen,Jacobs,kjacobskw@harvard.edu,Indonesia,86.94.216.142
754,Samuel,Ray,sraykx@over-blog.com,Azerbaijan,66.176.1.97
755,Harry,Thompson,hthompsonky@toplist.cz,Indonesia,161.48.239.6
756,Jimmy,Little,jlittlekz@cdc.gov,Indonesia,194.170.87.191
757,Paula,Day,pdayl0@slate.com,France,10.210.181.34
758,Gloria,Myers,gmyersl1@icq.com,Sweden,91.1.112.223
759,Victor,Jordan,vjordanl2@tamu.edu,China,168.207.131.140
760,Catherine,Garrett,cgarrettl3@comsenz.com,Philippines,171.92.90.232
761,Eric,Payne,epaynel4@ehow.com,Armenia,142.171.69.122
762,Jonathan,Peters,jpetersl5@hubpages.com,United States,234.7.32.13
763,Beverly,Howell,bhowelll6@shareasale.com,Indonesia,210.226.87.76
764,Harry,Ward,hwardl7@bloomberg.com,China,231.219.114.50
765,Jacqueline,Tucker,jtuckerl8@addthis.com,Guatemala,71.56.18.159
766,Jack,Mendoza,jmendozal9@techcrunch.com,China,197.175.3.65
767,Robert,Medina,rmedinala@netvibes.com,Russia,254.121.117.194
768,Charles,Cox,ccoxlb@youtu.be,Colombia,209.229.61.1
769,Nicholas,Franklin,nfranklinlc@freewebs.com,Brazil,137.85.37.46
770,Peter,Hunt,phuntld@ox.ac.uk,Paraguay,131.158.161.32
771,Earl,Mccoy,emccoyle@dot.gov,China,60.70.248.196
772,Russell,Richards,rrichardslf@hud.gov,Indonesia,109.78.31.244
773,Antonio,Wallace,awallacelg@miitbeian.gov.cn,Indonesia,224.242.190.156
774,Mary,Hayes,mhayeslh@businessweek.com,Japan,108.160.255.254
775,Annie,Henderson,ahendersonli@shop-pro.jp,China,23.27.155.87
776,Wanda,Castillo,wcastillolj@scientificamerican.com,Latvia,22.125.194.127
777,Phillip,Willis,pwillislk@who.int,Honduras,8.175.47.77
778,Barbara,Allen,ballenll@technorati.com,Canada,4.21.125.206
779,Margaret,Bell,mbelllm@chron.com,Philippines,167.25.82.119
780,Alice,Matthews,amatthewsln@forbes.com,Ukraine,58.118.39.224
781,Ryan,Reid,rreidlo@shop-pro.jp,Russia,53.141.101.75
782,Philip,Sims,psimslp@shutterfly.com,Austria,155.219.88.239
783,Christopher,Murray,cmurraylq@miibeian.gov.cn,Ethiopia,206.156.86.250
784,Irene,Martin,imartinlr@hubpages.com,Bahrain,238.163.154.130
785,Jason,George,jgeorgels@spotify.com,China,159.254.198.152
786,Matthew,Ramos,mramoslt@hugedomains.com,China,232.45.249.60
787,Philip,Freeman,pfreemanlu@ebay.co.uk,Vietnam,38.120.214.51
788,Eric,Dean,edeanlv@networksolutions.com,Indonesia,123.193.110.37
789,Betty,Wallace,bwallacelw@chicagotribune.com,Syria,147.135.183.48
790,Mildred,Woods,mwoodslx@sourceforge.net,Argentina,50.33.64.229
791,Amanda,Simmons,asimmonsly@marriott.com,Brazil,90.110.96.190
792,Joseph,Mitchell,jmitchelllz@ucoz.com,Canada,16.209.46.213
793,Juan,Weaver,jweaverm0@is.gd,China,245.151.1.41
794,Dorothy,Watkins,dwatkinsm1@ustream.tv,Mongolia,234.219.59.65
795,Frances,Gonzales,fgonzalesm2@disqus.com,Philippines,232.9.68.238
796,Stephanie,Williamson,swilliamsonm3@princeton.edu,France,151.229.160.193
797,Louis,Duncan,lduncanm4@list-manage.com,Portugal,187.56.238.157
798,Harold,Clark,hclarkm5@bravesites.com,Colombia,231.249.246.173
799,Henry,Murphy,hmurphym6@furl.net,China,174.223.73.233
800,Patricia,Vasquez,pvasquezm7@flickr.com,Peru,163.151.88.115
801,Irene,Hicks,ihicksm8@topsy.com,France,147.90.214.92
802,Bobby,Williamson,bwilliamsonm9@nymag.com,China,149.38.50.39
803,Irene,Mccoy,imccoyma@diigo.com,Venezuela,125.66.208.171
804,Cynthia,Stewart,cstewartmb@lycos.com,China,208.107.184.149
805,Jesse,Hawkins,jhawkinsmc@de.vu,Palestinian Territory,109.68.53.244
806,Julie,Ford,jfordmd@acquirethisname.com,Ireland,206.129.99.167
807,Johnny,Carr,jcarrme@ovh.net,Brazil,152.0.114.52
808,Johnny,Matthews,jmatthewsmf@lulu.com,Venezuela,50.206.237.232
809,Antonio,Chavez,achavezmg@multiply.com,Sweden,46.150.24.7
810,Martin,Stewart,mstewartmh@ebay.co.uk,Indonesia,77.193.111.96
811,Ashley,Daniels,adanielsmi@zdnet.com,Poland,171.169.217.30
812,Shawn,Spencer,sspencermj@stanford.edu,Indonesia,180.17.78.204
813,Betty,Nguyen,bnguyenmk@dyndns.org,China,199.79.147.74
814,Jesse,Bishop,jbishopml@yale.edu,Russia,236.243.234.228
815,Kimberly,Shaw,kshawmm@github.io,Portugal,217.69.83.55
816,Heather,Stone,hstonemn@tmall.com,Japan,107.158.254.43
817,Howard,Roberts,hrobertsmo@harvard.edu,China,191.155.254.122
818,Emily,Daniels,edanielsmp@cargocollective.com,China,198.213.18.128
819,Laura,Cunningham,lcunninghammq@wufoo.com,Ukraine,244.155.114.250
820,Ralph,Baker,rbakermr@wufoo.com,Japan,83.145.4.24
821,Roy,Young,ryoungms@desdev.cn,Indonesia,206.213.172.185
822,Phillip,Stewart,pstewartmt@skype.com,Venezuela,2.152.108.125
823,Billy,Banks,bbanksmu@springer.com,Argentina,230.237.113.85
824,Tina,Arnold,tarnoldmv@stanford.edu,French Polynesia,243.61.187.227
825,Patrick,Holmes,pholmesmw@ca.gov,Armenia,223.236.43.164
826,Samuel,Reed,sreedmx@google.com.br,Russia,114.206.255.31
827,Mildred,Arnold,marnoldmy@goo.gl,China,92.105.57.171
828,Adam,Grant,agrantmz@etsy.com,Brazil,67.15.197.81
829,Susan,Miller,smillern0@bloglines.com,Philippines,13.84.141.121
830,Carolyn,Ortiz,cortizn1@answers.com,Poland,156.162.239.147
831,Tammy,Fisher,tfishern2@prlog.org,Indonesia,7.179.190.217
832,Mildred,Woods,mwoodsn3@businessweek.com,Sri Lanka,182.12.64.202
833,Randy,Moreno,rmorenon4@sourceforge.net,Philippines,171.51.187.217
834,Ashley,Adams,aadamsn5@washington.edu,China,196.148.29.147
835,Brandon,Fisher,bfishern6@gravatar.com,Russia,111.250.188.37
836,Lois,Jacobs,ljacobsn7@wikispaces.com,Ireland,45.238.208.242
837,Lisa,Scott,lscottn8@economist.com,Indonesia,171.122.92.231
838,Sarah,Johnson,sjohnsonn9@umn.edu,Malaysia,242.185.215.87
839,Gloria,Wood,gwoodna@buzzfeed.com,Botswana,71.224.243.185
840,Martha,Stanley,mstanleynb@elpais.com,Ukraine,230.237.9.157
841,Eric,Edwards,eedwardsnc@marriott.com,South Africa,175.91.138.73
842,Lois,Tucker,ltuckernd@netvibes.com,Czech Republic,207.1.63.118
843,Aaron,Patterson,apattersonne@joomla.org,Vietnam,178.22.72.95
844,Ruby,Hunter,rhunternf@issuu.com,Japan,151.18.211.41
845,Shirley,Moore,smooreng@google.de,Portugal,40.200.81.180
846,Maria,Richards,mrichardsnh@umich.edu,Armenia,139.10.56.120
847,Ralph,Foster,rfosterni@issuu.com,Portugal,103.223.9.22
848,Judy,Holmes,jholmesnj@dion.ne.jp,Philippines,225.90.54.93
849,Bobby,Fuller,bfullernk@skyrock.com,France,191.154.49.180
850,Karen,Alexander,kalexandernl@toplist.cz,Cameroon,13.161.83.223
851,Wanda,Peters,wpetersnm@gnu.org,Indonesia,107.36.90.182
852,Laura,Dixon,ldixonnn@ning.com,Philippines,247.66.159.8
853,Harold,Anderson,handersonno@wiley.com,Vietnam,194.100.129.106
854,Harold,Montgomery,hmontgomerynp@elpais.com,New Zealand,173.16.32.148
855,Anne,Kim,akimnq@shutterfly.com,Philippines,175.57.25.237
856,Lori,Diaz,ldiaznr@photobucket.com,Argentina,51.201.88.143
857,Jane,Stevens,jstevensns@angelfire.com,Russia,9.230.184.198
858,Jeffrey,Robertson,jrobertsonnt@artisteer.com,Slovenia,14.140.163.65
859,Lori,Thompson,lthompsonnu@geocities.jp,France,141.94.198.38
860,Judy,Dixon,jdixonnv@yahoo.com,Poland,0.16.135.106
861,Carolyn,Turner,cturnernw@people.com.cn,China,81.164.223.136
862,Jessica,Wells,jwellsnx@jugem.jp,Brazil,10.134.110.151
863,Margaret,Turner,mturnerny@wikipedia.org,China,175.144.79.57
864,Benjamin,Stewart,bstewartnz@guardian.co.uk,Zambia,242.236.157.59
865,Thomas,Dunn,tdunno0@slideshare.net,Spain,178.180.136.185
866,Fred,Mccoy,fmccoyo1@blogtalkradio.com,Greece,178.5.88.143
867,Joe,Wheeler,jwheelero2@marriott.com,Panama,216.12.109.34
868,Kelly,Webb,kwebbo3@marketwatch.com,Lesotho,69.228.124.242
869,Gloria,Mitchell,gmitchello4@addthis.com,Poland,215.109.24.212
870,Harold,Castillo,hcastilloo5@vimeo.com,Japan,7.166.42.164
871,Paula,Sims,psimso6@disqus.com,Indonesia,167.69.188.82
872,Jeffrey,Lawrence,jlawrenceo7@people.com.cn,Belarus,231.221.65.209
873,Keith,Medina,kmedinao8@smh.com.au,United States,30.205.108.20
874,Robin,Allen,ralleno9@typepad.com,Indonesia,131.207.70.9
875,Bonnie,Porter,bporteroa@forbes.com,Portugal,186.192.213.29
876,Eugene,Watkins,ewatkinsob@google.com.hk,Cameroon,137.97.170.130
877,Larry,West,lwestoc@un.org,Ukraine,57.253.69.181
878,Ann,Webb,awebbod@indiatimes.com,Portugal,102.239.72.191
879,James,Wheeler,jwheeleroe@japanpost.jp,Pakistan,227.6.113.144
880,Teresa,Roberts,trobertsof@behance.net,Indonesia,178.119.133.81
881,Patricia,Hunt,phuntog@csmonitor.com,Indonesia,216.104.128.194
882,Victor,Evans,vevansoh@soup.io,Mexico,43.31.144.144
883,Anthony,Burton,aburtonoi@geocities.com,Armenia,160.129.7.84
884,Brenda,Walker,bwalkeroj@prnewswire.com,China,135.83.150.156
885,Michael,Howard,mhowardok@yolasite.com,Argentina,18.181.77.255
886,Scott,Roberts,srobertsol@tamu.edu,China,233.169.152.143
887,Amy,Nichols,anicholsom@sourceforge.net,Jamaica,246.122.255.152
888,Scott,Lewis,slewison@spotify.com,Philippines,227.196.246.3
889,Craig,Morris,cmorrisoo@oaic.gov.au,Portugal,218.158.6.216
890,Anna,Daniels,adanielsop@liveinternet.ru,Peru,200.4.42.124
891,Victor,Dunn,vdunnoq@google.com.hk,Botswana,229.219.182.167
892,Scott,Diaz,sdiazor@printfriendly.com,Tajikistan,7.255.219.37
893,Julia,Duncan,jduncanos@dropbox.com,China,0.69.189.26
894,Antonio,Gardner,agardnerot@google.com.br,Iran,97.6.175.241
895,Stephen,Gordon,sgordonou@people.com.cn,North Korea,100.192.111.128
896,Brenda,Henderson,bhendersonov@bloomberg.com,Sweden,1.201.207.28
897,Chris,Lane,claneow@123-reg.co.uk,China,150.166.24.177
898,Kathryn,Garrett,kgarrettox@uol.com.br,Poland,201.109.232.247
899,Jesse,Gomez,jgomezoy@over-blog.com,Cuba,66.34.225.212
900,Steven,Carr,scarroz@biglobe.ne.jp,Indonesia,159.183.128.103
901,Debra,Austin,daustinp0@harvard.edu,Japan,50.145.5.255
902,Martha,Clark,mclarkp1@state.gov,Portugal,230.33.100.44
903,Brandon,Watson,bwatsonp2@slashdot.org,Sweden,102.44.124.165
904,Kevin,Foster,kfosterp3@unc.edu,China,209.137.103.234
905,Phyllis,Ramirez,pramirezp4@blogtalkradio.com,Armenia,37.213.205.166
906,Wayne,Ford,wfordp5@topsy.com,Serbia,104.166.19.70
907,Ronald,Ray,rrayp6@yahoo.com,Panama,110.17.27.229
908,Bonnie,Snyder,bsnyderp7@php.net,Norway,64.200.200.231
909,Benjamin,Miller,bmillerp8@booking.com,China,90.230.86.123
910,Elizabeth,Jordan,ejordanp9@usgs.gov,Argentina,32.155.203.247
911,Harry,Collins,hcollinspa@yahoo.co.jp,China,158.84.154.114
912,David,Edwards,dedwardspb@chicagotribune.com,Kazakhstan,174.63.132.131
913,Andrew,George,ageorgepc@dmoz.org,Norway,151.73.96.143
914,Doris,Mitchell,dmitchellpd@howstuffworks.com,Brazil,247.185.250.68
915,Juan,Henry,jhenrype@loc.gov,Indonesia,6.238.192.24
916,Gloria,Greene,ggreenepf@msu.edu,China,254.61.189.241
917,Kathy,Simpson,ksimpsonpg@princeton.edu,Poland,103.169.33.79
918,Ronald,Sanchez,rsanchezph@networkadvertising.org,Philippines,164.180.76.251
919,Nicole,Jones,njonespi@shop-pro.jp,China,214.71.77.194
920,Rose,Evans,revanspj@chicagotribune.com,China,106.213.150.250
921,Rose,Pierce,rpiercepk@loc.gov,Germany,49.1.118.182
922,Ashley,Diaz,adiazpl@yelp.com,Portugal,137.56.129.27
923,Arthur,Alexander,aalexanderpm@wikispaces.com,Philippines,30.248.7.70
924,Sara,Richards,srichardspn@spotify.com,Russia,225.85.144.105
925,Kathy,Jenkins,kjenkinspo@quantcast.com,Croatia,196.206.52.164
926,Bobby,Fox,bfoxpp@wisc.edu,Brazil,127.28.27.23
927,Steven,Murray,smurraypq@cocolog-nifty.com,Brazil,214.3.185.247
928,Joyce,Ryan,jryanpr@amazonaws.com,Indonesia,109.184.81.65
929,Alice,Riley,arileyps@admin.ch,Croatia,100.64.126.217
930,Nicholas,Henderson,nhendersonpt@usa.gov,Poland,161.231.95.65
931,Paula,Roberts,probertspu@4shared.com,Serbia,100.41.224.201
932,Edward,Dunn,edunnpv@mtv.com,Peru,62.87.146.237
933,Kelly,Gilbert,kgilbertpw@illinois.edu,Estonia,207.126.150.79
934,Ashley,Henderson,ahendersonpx@goo.gl,China,169.17.49.191
935,Julia,Cole,jcolepy@cloudflare.com,Japan,131.45.28.13
936,Phyllis,Allen,pallenpz@furl.net,Russia,126.250.174.45
937,Emily,Armstrong,earmstrongq0@ask.com,Philippines,66.31.46.109
938,Eugene,Rogers,erogersq1@is.gd,Indonesia,99.195.77.79
939,Gerald,Lawson,glawsonq2@ning.com,Poland,254.100.162.194
940,Russell,Schmidt,rschmidtq3@google.com.br,Madagascar,140.164.110.50
941,Samuel,Perry,sperryq4@wufoo.com,Myanmar,113.51.23.145
942,Walter,Simpson,wsimpsonq5@a8.net,Indonesia,235.86.59.53
943,Karen,Rivera,kriveraq6@skyrock.com,Micronesia,73.144.246.251
944,Joan,Watkins,jwatkinsq7@cargocollective.com,Brazil,62.6.162.30
945,Debra,Dunn,ddunnq8@scribd.com,Indonesia,105.246.139.237
946,Bonnie,Gonzalez,bgonzalezq9@rakuten.co.jp,United States,125.25.89.175
947,Wayne,Garza,wgarzaqa@auda.org.au,Chile,94.28.25.46
948,Teresa,Peters,tpetersqb@nytimes.com,Estonia,157.168.222.77
949,Alan,Nichols,anicholsqc@oracle.com,Russia,159.178.49.245
950,Gary,Spencer,gspencerqd@mtv.com,Venezuela,180.64.133.0
951,Terry,Turner,tturnerqe@bbb.org,China,215.52.8.91
952,Anthony,Clark,aclarkqf@constantcontact.com,Philippines,30.14.247.238
953,William,Nichols,wnicholsqg@cocolog-nifty.com,Thailand,204.223.32.191
954,Steve,Nelson,snelsonqh@last.fm,East Timor,75.127.168.193
955,Jose,Nelson,jnelsonqi@cbc.ca,Portugal,86.240.112.162
956,Donald,Harper,dharperqj@google.nl,Russia,216.129.54.154
957,Catherine,Rose,croseqk@surveymonkey.com,Portugal,52.119.205.207
958,Debra,Johnson,djohnsonql@state.gov,Mexico,25.250.242.137
959,Jessica,Wheeler,jwheelerqm@bing.com,Indonesia,16.211.77.197
960,Harold,Schmidt,hschmidtqn@noaa.gov,Canada,62.179.67.36
961,Annie,Owens,aowensqo@com.com,Cuba,75.240.120.127
962,Ronald,Rogers,rrogersqp@jigsy.com,Mexico,55.253.20.104
963,Lawrence,Stewart,lstewartqq@dyndns.org,Poland,196.94.151.211
964,Nicole,Sanchez,nsanchezqr@unicef.org,Portugal,113.239.34.131
965,George,Day,gdayqs@wunderground.com,China,180.50.206.225
966,Jonathan,Franklin,jfranklinqt@si.edu,Indonesia,117.0.127.229
967,Kathy,Gutierrez,kgutierrezqu@usnews.com,Jordan,35.187.75.88
968,Diane,Fernandez,dfernandezqv@webmd.com,Sweden,220.200.197.61
969,John,Welch,jwelchqw@mapquest.com,Bangladesh,119.152.61.212
970,Ronald,Bailey,rbaileyqx@stumbleupon.com,China,70.174.218.48
971,Mary,Woods,mwoodsqy@yelp.com,Indonesia,33.98.145.154
972,Norma,Hall,nhallqz@redcross.org,United States,67.196.107.62
973,Terry,Dean,tdeanr0@wufoo.com,Sierra Leone,240.12.230.115
974,Jesse,Gray,jgrayr1@alexa.com,China,185.42.192.84
975,Keith,Crawford,kcrawfordr2@gravatar.com,Philippines,146.191.188.99
976,Adam,Taylor,ataylorr3@4shared.com,Philippines,152.75.146.60
977,Kelly,Hansen,khansenr4@usatoday.com,Indonesia,103.122.105.184
978,Shawn,Burton,sburtonr5@exblog.jp,China,162.196.175.55
979,Albert,Reyes,areyesr6@creativecommons.org,Bosnia and Herzegovina,109.228.33.22
980,Willie,Henderson,whendersonr7@youku.com,Russia,73.5.132.195
981,Anthony,Berry,aberryr8@wiley.com,China,167.236.94.162
982,Tammy,Payne,tpayner9@youku.com,Peru,7.172.18.14
983,Beverly,Medina,bmedinara@latimes.com,Venezuela,182.93.249.209
984,Donna,Berry,dberryrb@creativecommons.org,Guatemala,146.229.216.186
985,Betty,Robinson,brobinsonrc@weebly.com,Brazil,6.133.139.243
986,Virginia,Ellis,vellisrd@umn.edu,Indonesia,89.240.125.228
987,Ruby,Hunt,rhuntre@e-recht24.de,Afghanistan,61.128.111.230
988,Joseph,Thompson,jthompsonrf@answers.com,Colombia,186.73.251.63
989,Amanda,Palmer,apalmerrg@feedburner.com,Indonesia,81.212.76.34
990,Janet,Campbell,jcampbellrh@hhs.gov,Morocco,179.34.14.207
991,Jose,Cooper,jcooperri@wordpress.org,Indonesia,238.220.34.222
992,Justin,Bryant,jbryantrj@imgur.com,Colombia,5.118.239.135
993,Chris,Garcia,cgarciark@youku.com,Thailand,192.40.5.149
994,Carlos,Hamilton,chamiltonrl@soup.io,United Kingdom,210.41.204.163
995,Joshua,Holmes,jholmesrm@amazonaws.com,Philippines,197.195.218.222
996,Julia,Burke,jburkern@microsoft.com,Indonesia,94.191.117.72
997,Irene,Wagner,iwagnerro@miitbeian.gov.cn,United States,28.23.192.149
998,Louis,Lee,lleerp@i2i.jp,Sweden,23.0.241.246
999,Craig,Schmidt,cschmidtrq@purevolume.com,China,110.227.119.54
1000,Craig,Sims,csimsrr@instagram.com,Greece,43.122.226.49
